--------------------------------------------------------
--  File created - Monday-May-04-2015   
--------------------------------------------------------
--------------------------------------------------------
--  DDL for Table BOOKS
--------------------------------------------------------

  CREATE TABLE "SXT142430"."BOOKS" 
   (	"ISBN" VARCHAR2(14 BYTE), 
	"YEAR_OF_PUBLICATION" NUMBER(4,0), 
	"TITLE" VARCHAR2(25 BYTE), 
	"NAME" VARCHAR2(255 BYTE), 
	"MID" VARCHAR2(255 BYTE)
   ) SEGMENT CREATION IMMEDIATE 
  PCTFREE 10 PCTUSED 40 INITRANS 1 MAXTRANS 255 
 NOCOMPRESS LOGGING
  STORAGE(INITIAL 65536 NEXT 1048576 MINEXTENTS 1 MAXEXTENTS 2147483645
  PCTINCREASE 0 FREELISTS 1 FREELIST GROUPS 1
  BUFFER_POOL DEFAULT FLASH_CACHE DEFAULT CELL_FLASH_CACHE DEFAULT)
  TABLESPACE "USERS" ;
--------------------------------------------------------
--  DDL for Table BOOKS_AUTHOR
--------------------------------------------------------

  CREATE TABLE "SXT142430"."BOOKS_AUTHOR" 
   (	"ISBN" VARCHAR2(14 BYTE), 
	"AUTHOR" VARCHAR2(25 BYTE)
   ) SEGMENT CREATION IMMEDIATE 
  PCTFREE 10 PCTUSED 40 INITRANS 1 MAXTRANS 255 
 NOCOMPRESS LOGGING
  STORAGE(INITIAL 65536 NEXT 1048576 MINEXTENTS 1 MAXEXTENTS 2147483645
  PCTINCREASE 0 FREELISTS 1 FREELIST GROUPS 1
  BUFFER_POOL DEFAULT FLASH_CACHE DEFAULT CELL_FLASH_CACHE DEFAULT)
  TABLESPACE "USERS" ;
--------------------------------------------------------
--  DDL for Table CHECKOUT_RECORD
--------------------------------------------------------

  CREATE TABLE "SXT142430"."CHECKOUT_RECORD" 
   (	"CID" NUMBER(*,0), 
	"RID" VARCHAR2(25 BYTE), 
	"CHECKOUT_TIME" TIMESTAMP (6), 
	"DUE_DATE" DATE, 
	"RETURN_DATE" DATE DEFAULT NULL
   ) SEGMENT CREATION IMMEDIATE 
  PCTFREE 10 PCTUSED 40 INITRANS 1 MAXTRANS 255 
 NOCOMPRESS LOGGING
  STORAGE(INITIAL 65536 NEXT 1048576 MINEXTENTS 1 MAXEXTENTS 2147483645
  PCTINCREASE 0 FREELISTS 1 FREELIST GROUPS 1
  BUFFER_POOL DEFAULT FLASH_CACHE DEFAULT CELL_FLASH_CACHE DEFAULT)
  TABLESPACE "USERS" ;
--------------------------------------------------------
--  DDL for Table COPY
--------------------------------------------------------

  CREATE TABLE "SXT142430"."COPY" 
   (	"ID" NUMBER(*,0), 
	"FLAG" VARCHAR2(6 BYTE) DEFAULT 'FALSE', 
	"PRICE" NUMBER(8,2), 
	"PURCHASE_DATE" DATE, 
	"MID" VARCHAR2(25 BYTE)
   ) SEGMENT CREATION IMMEDIATE 
  PCTFREE 10 PCTUSED 40 INITRANS 1 MAXTRANS 255 
 NOCOMPRESS LOGGING
  STORAGE(INITIAL 65536 NEXT 1048576 MINEXTENTS 1 MAXEXTENTS 2147483645
  PCTINCREASE 0 FREELISTS 1 FREELIST GROUPS 1
  BUFFER_POOL DEFAULT FLASH_CACHE DEFAULT CELL_FLASH_CACHE DEFAULT)
  TABLESPACE "USERS" ;
--------------------------------------------------------
--  DDL for Table FACULTY
--------------------------------------------------------

  CREATE TABLE "SXT142430"."FACULTY" 
   (	"ID" VARCHAR2(25 BYTE), 
	"DESIGNATION" VARCHAR2(25 BYTE)
   ) SEGMENT CREATION IMMEDIATE 
  PCTFREE 10 PCTUSED 40 INITRANS 1 MAXTRANS 255 
 NOCOMPRESS LOGGING
  STORAGE(INITIAL 65536 NEXT 1048576 MINEXTENTS 1 MAXEXTENTS 2147483645
  PCTINCREASE 0 FREELISTS 1 FREELIST GROUPS 1
  BUFFER_POOL DEFAULT FLASH_CACHE DEFAULT CELL_FLASH_CACHE DEFAULT)
  TABLESPACE "USERS" ;
--------------------------------------------------------
--  DDL for Table FINE
--------------------------------------------------------

  CREATE TABLE "SXT142430"."FINE" 
   (	"REASON" VARCHAR2(15 BYTE), 
	"CID" NUMBER(*,0), 
	"RID" VARCHAR2(25 BYTE), 
	"CHECKOUT_TIME" TIMESTAMP (6), 
	"AMOUNT" NUMBER(8,2), 
	"ISSUE_DATE" DATE, 
	"PAYMENT_DATE" DATE DEFAULT NULL
   ) SEGMENT CREATION IMMEDIATE 
  PCTFREE 10 PCTUSED 40 INITRANS 1 MAXTRANS 255 
 NOCOMPRESS LOGGING
  STORAGE(INITIAL 65536 NEXT 1048576 MINEXTENTS 1 MAXEXTENTS 2147483645
  PCTINCREASE 0 FREELISTS 1 FREELIST GROUPS 1
  BUFFER_POOL DEFAULT FLASH_CACHE DEFAULT CELL_FLASH_CACHE DEFAULT)
  TABLESPACE "USERS" ;
--------------------------------------------------------
--  DDL for Table ISSUES
--------------------------------------------------------

  CREATE TABLE "SXT142430"."ISSUES" 
   (	"ISSUE_NUMBER" NUMBER(*,0), 
	"VOLUME_NUMBER" NUMBER(*,0), 
	"ISSN" VARCHAR2(9 BYTE), 
	"PUBLICATION_DATE" DATE, 
	"MID" VARCHAR2(255 BYTE)
   ) SEGMENT CREATION IMMEDIATE 
  PCTFREE 10 PCTUSED 40 INITRANS 1 MAXTRANS 255 
 NOCOMPRESS LOGGING
  STORAGE(INITIAL 65536 NEXT 1048576 MINEXTENTS 1 MAXEXTENTS 2147483645
  PCTINCREASE 0 FREELISTS 1 FREELIST GROUPS 1
  BUFFER_POOL DEFAULT FLASH_CACHE DEFAULT CELL_FLASH_CACHE DEFAULT)
  TABLESPACE "USERS" ;
--------------------------------------------------------
--  DDL for Table MAGAZINE
--------------------------------------------------------

  CREATE TABLE "SXT142430"."MAGAZINE" 
   (	"ISSN" VARCHAR2(9 BYTE), 
	"TITLE" VARCHAR2(25 BYTE), 
	"NAME" VARCHAR2(25 BYTE)
   ) SEGMENT CREATION IMMEDIATE 
  PCTFREE 10 PCTUSED 40 INITRANS 1 MAXTRANS 255 
 NOCOMPRESS LOGGING
  STORAGE(INITIAL 65536 NEXT 1048576 MINEXTENTS 1 MAXEXTENTS 2147483645
  PCTINCREASE 0 FREELISTS 1 FREELIST GROUPS 1
  BUFFER_POOL DEFAULT FLASH_CACHE DEFAULT CELL_FLASH_CACHE DEFAULT)
  TABLESPACE "USERS" ;
--------------------------------------------------------
--  DDL for Table MATERIAL
--------------------------------------------------------

  CREATE TABLE "SXT142430"."MATERIAL" 
   (	"MID" VARCHAR2(25 BYTE), 
	"RATING" NUMBER(*,0)
   ) SEGMENT CREATION IMMEDIATE 
  PCTFREE 10 PCTUSED 40 INITRANS 1 MAXTRANS 255 
 NOCOMPRESS LOGGING
  STORAGE(INITIAL 65536 NEXT 1048576 MINEXTENTS 1 MAXEXTENTS 2147483645
  PCTINCREASE 0 FREELISTS 1 FREELIST GROUPS 1
  BUFFER_POOL DEFAULT FLASH_CACHE DEFAULT CELL_FLASH_CACHE DEFAULT)
  TABLESPACE "USERS" ;
--------------------------------------------------------
--  DDL for Table PUBLISHER
--------------------------------------------------------

  CREATE TABLE "SXT142430"."PUBLISHER" 
   (	"NAME" VARCHAR2(25 BYTE), 
	"WEBSITE" VARCHAR2(25 BYTE), 
	"ZIP" NUMBER(*,0), 
	"COUNTRY" VARCHAR2(25 BYTE)
   ) SEGMENT CREATION IMMEDIATE 
  PCTFREE 10 PCTUSED 40 INITRANS 1 MAXTRANS 255 
 NOCOMPRESS LOGGING
  STORAGE(INITIAL 65536 NEXT 1048576 MINEXTENTS 1 MAXEXTENTS 2147483645
  PCTINCREASE 0 FREELISTS 1 FREELIST GROUPS 1
  BUFFER_POOL DEFAULT FLASH_CACHE DEFAULT CELL_FLASH_CACHE DEFAULT)
  TABLESPACE "USERS" ;
--------------------------------------------------------
--  DDL for Table PUBLISHER_ADDRESS
--------------------------------------------------------

  CREATE TABLE "SXT142430"."PUBLISHER_ADDRESS" 
   (	"ZIP" NUMBER(*,0), 
	"COUNTRY" VARCHAR2(25 BYTE), 
	"STREET" VARCHAR2(25 BYTE), 
	"CITY" VARCHAR2(25 BYTE), 
	"STATE" VARCHAR2(25 BYTE)
   ) SEGMENT CREATION IMMEDIATE 
  PCTFREE 10 PCTUSED 40 INITRANS 1 MAXTRANS 255 
 NOCOMPRESS LOGGING
  STORAGE(INITIAL 65536 NEXT 1048576 MINEXTENTS 1 MAXEXTENTS 2147483645
  PCTINCREASE 0 FREELISTS 1 FREELIST GROUPS 1
  BUFFER_POOL DEFAULT FLASH_CACHE DEFAULT CELL_FLASH_CACHE DEFAULT)
  TABLESPACE "USERS" ;
--------------------------------------------------------
--  DDL for Table READER
--------------------------------------------------------

  CREATE TABLE "SXT142430"."READER" 
   (	"ID" VARCHAR2(25 BYTE), 
	"NAME" VARCHAR2(25 BYTE)
   ) SEGMENT CREATION IMMEDIATE 
  PCTFREE 10 PCTUSED 40 INITRANS 1 MAXTRANS 255 
 NOCOMPRESS LOGGING
  STORAGE(INITIAL 65536 NEXT 1048576 MINEXTENTS 1 MAXEXTENTS 2147483645
  PCTINCREASE 0 FREELISTS 1 FREELIST GROUPS 1
  BUFFER_POOL DEFAULT FLASH_CACHE DEFAULT CELL_FLASH_CACHE DEFAULT)
  TABLESPACE "USERS" ;
--------------------------------------------------------
--  DDL for Table RESERVE
--------------------------------------------------------

  CREATE TABLE "SXT142430"."RESERVE" 
   (	"MID" VARCHAR2(25 BYTE), 
	"ID" VARCHAR2(25 BYTE), 
	"EXPIRATION_DATE" DATE, 
	"RESERVATION_DATE" DATE, 
	"CLOSING_DATE" DATE
   ) SEGMENT CREATION IMMEDIATE 
  PCTFREE 10 PCTUSED 40 INITRANS 1 MAXTRANS 255 
 NOCOMPRESS LOGGING
  STORAGE(INITIAL 65536 NEXT 1048576 MINEXTENTS 1 MAXEXTENTS 2147483645
  PCTINCREASE 0 FREELISTS 1 FREELIST GROUPS 1
  BUFFER_POOL DEFAULT FLASH_CACHE DEFAULT CELL_FLASH_CACHE DEFAULT)
  TABLESPACE "USERS" ;
--------------------------------------------------------
--  DDL for Table STUDENT
--------------------------------------------------------

  CREATE TABLE "SXT142430"."STUDENT" 
   (	"ID" VARCHAR2(25 BYTE), 
	"MAJOR" VARCHAR2(25 BYTE)
   ) SEGMENT CREATION IMMEDIATE 
  PCTFREE 10 PCTUSED 40 INITRANS 1 MAXTRANS 255 
 NOCOMPRESS LOGGING
  STORAGE(INITIAL 65536 NEXT 1048576 MINEXTENTS 1 MAXEXTENTS 2147483645
  PCTINCREASE 0 FREELISTS 1 FREELIST GROUPS 1
  BUFFER_POOL DEFAULT FLASH_CACHE DEFAULT CELL_FLASH_CACHE DEFAULT)
  TABLESPACE "USERS" ;
--------------------------------------------------------
--  DDL for View C_CURRENT_RESERVATIONS
--------------------------------------------------------

  CREATE OR REPLACE FORCE EDITIONABLE VIEW "SXT142430"."C_CURRENT_RESERVATIONS" ("ID", "NAME", "MID", "EXPIRATION_DATE", "RESERVATION_DATE") AS 
  SELECT Rea.ID, Rea.NAME, Res.MID, Res.EXPIRATION_DATE, Res.RESERVATION_DATE
FROM RESERVE Res, FACULTY F, READER Rea
WHERE Res.ID = F.ID AND F.ID = Rea.ID AND Res.CLOSING_DATE IS NULL;
--------------------------------------------------------
--  DDL for View TVIEW
--------------------------------------------------------

  CREATE OR REPLACE FORCE EDITIONABLE VIEW "SXT142430"."TVIEW" ("PROFID") AS 
  select profid from teaching where profid<128;
--------------------------------------------------------
--  DDL for View V_CURRENT_STOCK
--------------------------------------------------------

  CREATE OR REPLACE FORCE EDITIONABLE VIEW "SXT142430"."V_CURRENT_STOCK" ("MID", "COPIES_COUNT") AS 
  SELECT MID, COUNT(ID) AS COPIES_COUNT
FROM COPY
WHERE FLAG='FALSE'
GROUP BY MID;
--------------------------------------------------------
--  DDL for View V_FINE
--------------------------------------------------------

  CREATE OR REPLACE FORCE EDITIONABLE VIEW "SXT142430"."V_FINE" ("RID", "NAME", "CID", "REASON", "CHECKOUT_TIME", "AMOUNT", "ISSUE_DATE", "PAYMENT_DATE") AS 
  SELECT R.ID, R.NAME, F.CID, F.REASON, F.CHECKOUT_TIME, F.AMOUNT, F.ISSUE_DATE, F.PAYMENT_DATE
FROM READER R, FINE F
WHERE F.PAYMENT_DATE IS NULL AND F.RID = R.ID;
--------------------------------------------------------
--  DDL for View V_PAST_DUE_COPY
--------------------------------------------------------

  CREATE OR REPLACE FORCE EDITIONABLE VIEW "SXT142430"."V_PAST_DUE_COPY" ("ID", "NAME", "COPY_ID") AS 
  SELECT R.ID, R.NAME, C.ID  
FROM CHECKOUT_RECORD CR, READER R, COPY C 
WHERE CR.RID=R.ID AND CR.DUE_DATE < SYSDATE AND CR.RETURN_DATE IS NULL AND CR.CID=C.ID;
REM INSERTING into SXT142430.BOOKS
SET DEFINE OFF;
Insert into SXT142430.BOOKS (ISBN,YEAR_OF_PUBLICATION,TITLE,NAME,MID) values ('7864343890006',2012,'Intro to Physics','Reed','1016');
Insert into SXT142430.BOOKS (ISBN,YEAR_OF_PUBLICATION,TITLE,NAME,MID) values ('7864343890007',2001,'Intro to C','Harper','1017');
Insert into SXT142430.BOOKS (ISBN,YEAR_OF_PUBLICATION,TITLE,NAME,MID) values ('7864343890008',1997,'Intro to Java','Wiley','1018');
Insert into SXT142430.BOOKS (ISBN,YEAR_OF_PUBLICATION,TITLE,NAME,MID) values ('7864343890009',1998,'Intro to Python','Scholastic','1019');
Insert into SXT142430.BOOKS (ISBN,YEAR_OF_PUBLICATION,TITLE,NAME,MID) values ('7864343890010',2004,'Intro to SQL','Pearson','1020');
Insert into SXT142430.BOOKS (ISBN,YEAR_OF_PUBLICATION,TITLE,NAME,MID) values ('7864343890002',2015,'Essentials of Chemistry','Pearson','1007');
Insert into SXT142430.BOOKS (ISBN,YEAR_OF_PUBLICATION,TITLE,NAME,MID) values ('7864343890003',2011,'The Mbuti Pygmies','Pearson','1008');
Insert into SXT142430.BOOKS (ISBN,YEAR_OF_PUBLICATION,TITLE,NAME,MID) values ('7864343890004',2015,'The Stones Are Hatching','Holtzbrinck','1009');
Insert into SXT142430.BOOKS (ISBN,YEAR_OF_PUBLICATION,TITLE,NAME,MID) values ('7864343890005',1995,'Among the Russians','ThomsonReuters','1010');
Insert into SXT142430.BOOKS (ISBN,YEAR_OF_PUBLICATION,TITLE,NAME,MID) values ('7864343890001',1999,'Fundamentals of Chemistry','Pearson','1006');
REM INSERTING into SXT142430.BOOKS_AUTHOR
SET DEFINE OFF;
Insert into SXT142430.BOOKS_AUTHOR (ISBN,AUTHOR) values ('7864343890001','Douglas A. Skooq');
Insert into SXT142430.BOOKS_AUTHOR (ISBN,AUTHOR) values ('7864343890002','William Rife');
Insert into SXT142430.BOOKS_AUTHOR (ISBN,AUTHOR) values ('7864343890003','Colin M. Turnbull');
Insert into SXT142430.BOOKS_AUTHOR (ISBN,AUTHOR) values ('7864343890004','Geraldine McCaughrean');
Insert into SXT142430.BOOKS_AUTHOR (ISBN,AUTHOR) values ('7864343890005','Colin Thubron');
Insert into SXT142430.BOOKS_AUTHOR (ISBN,AUTHOR) values ('7864343890006','Herb Schildt');
Insert into SXT142430.BOOKS_AUTHOR (ISBN,AUTHOR) values ('7864343890007','Thomas Powell');
Insert into SXT142430.BOOKS_AUTHOR (ISBN,AUTHOR) values ('7864343890008','Neal G. Anderson');
Insert into SXT142430.BOOKS_AUTHOR (ISBN,AUTHOR) values ('7864343890009','Les Beletsky');
Insert into SXT142430.BOOKS_AUTHOR (ISBN,AUTHOR) values ('7864343890010','Kip R. Irvine');
REM INSERTING into SXT142430.CHECKOUT_RECORD
SET DEFINE OFF;
Insert into SXT142430.CHECKOUT_RECORD (CID,RID,CHECKOUT_TIME,DUE_DATE,RETURN_DATE) values (1000007,'2021228701',to_timestamp('10-MAR-15 09.21.11.000000000 PM','DD-MON-RR HH.MI.SSXFF AM'),to_date('17-APR-15','DD-MON-RR'),to_date('25-APR-15','DD-MON-RR'));
Insert into SXT142430.CHECKOUT_RECORD (CID,RID,CHECKOUT_TIME,DUE_DATE,RETURN_DATE) values (1000008,'2021228702',to_timestamp('11-MAR-15 09.21.11.000000000 PM','DD-MON-RR HH.MI.SSXFF AM'),to_date('18-APR-15','DD-MON-RR'),null);
Insert into SXT142430.CHECKOUT_RECORD (CID,RID,CHECKOUT_TIME,DUE_DATE,RETURN_DATE) values (1000009,'2021228703',to_timestamp('12-MAR-15 09.21.11.000000000 PM','DD-MON-RR HH.MI.SSXFF AM'),to_date('19-APR-15','DD-MON-RR'),null);
Insert into SXT142430.CHECKOUT_RECORD (CID,RID,CHECKOUT_TIME,DUE_DATE,RETURN_DATE) values (1000010,'2021228704',to_timestamp('13-MAR-15 09.21.11.000000000 PM','DD-MON-RR HH.MI.SSXFF AM'),to_date('20-APR-15','DD-MON-RR'),null);
Insert into SXT142430.CHECKOUT_RECORD (CID,RID,CHECKOUT_TIME,DUE_DATE,RETURN_DATE) values (1000011,'2021228705',to_timestamp('14-MAR-15 09.21.11.000000000 PM','DD-MON-RR HH.MI.SSXFF AM'),to_date('21-APR-15','DD-MON-RR'),null);
Insert into SXT142430.CHECKOUT_RECORD (CID,RID,CHECKOUT_TIME,DUE_DATE,RETURN_DATE) values (1000012,'2021228706',to_timestamp('20-APR-15 09.21.11.000000000 PM','DD-MON-RR HH.MI.SSXFF AM'),to_date('30-APR-15','DD-MON-RR'),null);
Insert into SXT142430.CHECKOUT_RECORD (CID,RID,CHECKOUT_TIME,DUE_DATE,RETURN_DATE) values (1000013,'2021228707',to_timestamp('21-APR-15 09.21.11.000000000 PM','DD-MON-RR HH.MI.SSXFF AM'),to_date('30-APR-15','DD-MON-RR'),null);
Insert into SXT142430.CHECKOUT_RECORD (CID,RID,CHECKOUT_TIME,DUE_DATE,RETURN_DATE) values (1000014,'2021228708',to_timestamp('22-APR-15 09.21.11.000000000 PM','DD-MON-RR HH.MI.SSXFF AM'),to_date('30-APR-15','DD-MON-RR'),null);
Insert into SXT142430.CHECKOUT_RECORD (CID,RID,CHECKOUT_TIME,DUE_DATE,RETURN_DATE) values (1000001,'2021228001',to_timestamp('01-JAN-15 10.33.31.000000000 AM','DD-MON-RR HH.MI.SSXFF AM'),to_date('20-JAN-15','DD-MON-RR'),to_date('07-MAR-15','DD-MON-RR'));
Insert into SXT142430.CHECKOUT_RECORD (CID,RID,CHECKOUT_TIME,DUE_DATE,RETURN_DATE) values (1000002,'2021228801',to_timestamp('11-JAN-15 09.21.11.000000000 PM','DD-MON-RR HH.MI.SSXFF AM'),to_date('20-FEB-15','DD-MON-RR'),to_date('17-APR-15','DD-MON-RR'));
Insert into SXT142430.CHECKOUT_RECORD (CID,RID,CHECKOUT_TIME,DUE_DATE,RETURN_DATE) values (1000003,'2021228661',to_timestamp('11-FEB-15 02.10.50.000000000 PM','DD-MON-RR HH.MI.SSXFF AM'),to_date('07-JUL-15','DD-MON-RR'),null);
Insert into SXT142430.CHECKOUT_RECORD (CID,RID,CHECKOUT_TIME,DUE_DATE,RETURN_DATE) values (1000004,'2021228600',to_timestamp('23-FEB-15 03.19.02.000000000 PM','DD-MON-RR HH.MI.SSXFF AM'),to_date('21-JUL-15','DD-MON-RR'),null);
Insert into SXT142430.CHECKOUT_RECORD (CID,RID,CHECKOUT_TIME,DUE_DATE,RETURN_DATE) values (1000005,'2021228609',to_timestamp('16-MAR-15 05.41.03.000000000 PM','DD-MON-RR HH.MI.SSXFF AM'),to_date('26-AUG-15','DD-MON-RR'),null);
Insert into SXT142430.CHECKOUT_RECORD (CID,RID,CHECKOUT_TIME,DUE_DATE,RETURN_DATE) values (1000006,'2021227661',to_timestamp('21-MAR-15 06.43.03.000000000 PM','DD-MON-RR HH.MI.SSXFF AM'),to_date('20-JUL-15','DD-MON-RR'),null);
REM INSERTING into SXT142430.COPY
SET DEFINE OFF;
Insert into SXT142430.COPY (ID,FLAG,PRICE,PURCHASE_DATE,MID) values (1000008,'FALSE',96,to_date('02-MAR-05','DD-MON-RR'),'1005');
Insert into SXT142430.COPY (ID,FLAG,PRICE,PURCHASE_DATE,MID) values (1000009,'FALSE',34,to_date('12-APR-05','DD-MON-RR'),'1005');
Insert into SXT142430.COPY (ID,FLAG,PRICE,PURCHASE_DATE,MID) values (1000001,'FALSE',100,to_date('20-JAN-01','DD-MON-RR'),'1001');
Insert into SXT142430.COPY (ID,FLAG,PRICE,PURCHASE_DATE,MID) values (1000002,'FALSE',110,to_date('20-FEB-01','DD-MON-RR'),'1003');
Insert into SXT142430.COPY (ID,FLAG,PRICE,PURCHASE_DATE,MID) values (1000003,'FALSE',79,to_date('02-FEB-01','DD-MON-RR'),'1005');
Insert into SXT142430.COPY (ID,FLAG,PRICE,PURCHASE_DATE,MID) values (1000004,'TRUE',92,to_date('20-MAR-01','DD-MON-RR'),'1006');
Insert into SXT142430.COPY (ID,FLAG,PRICE,PURCHASE_DATE,MID) values (1000005,'TRUE',123,to_date('26-JAN-01','DD-MON-RR'),'1007');
Insert into SXT142430.COPY (ID,FLAG,PRICE,PURCHASE_DATE,MID) values (1000006,'FALSE',160,to_date('26-JAN-01','DD-MON-RR'),'1008');
Insert into SXT142430.COPY (ID,FLAG,PRICE,PURCHASE_DATE,MID) values (1000007,'FALSE',82,to_date('26-JAN-89','DD-MON-RR'),'1009');
Insert into SXT142430.COPY (ID,FLAG,PRICE,PURCHASE_DATE,MID) values (1000010,'FALSE',150,to_date('26-JAN-01','DD-MON-RR'),'1008');
Insert into SXT142430.COPY (ID,FLAG,PRICE,PURCHASE_DATE,MID) values (1000011,'FALSE',150,to_date('26-JAN-01','DD-MON-RR'),'1008');
Insert into SXT142430.COPY (ID,FLAG,PRICE,PURCHASE_DATE,MID) values (1000012,'FALSE',150,to_date('26-JAN-01','DD-MON-RR'),'1008');
Insert into SXT142430.COPY (ID,FLAG,PRICE,PURCHASE_DATE,MID) values (1000013,'FALSE',150,to_date('26-JAN-01','DD-MON-RR'),'1008');
Insert into SXT142430.COPY (ID,FLAG,PRICE,PURCHASE_DATE,MID) values (1000014,'FALSE',150,to_date('26-JAN-01','DD-MON-RR'),'1008');
Insert into SXT142430.COPY (ID,FLAG,PRICE,PURCHASE_DATE,MID) values (1000015,'FALSE',150,to_date('26-JAN-01','DD-MON-RR'),'1008');
Insert into SXT142430.COPY (ID,FLAG,PRICE,PURCHASE_DATE,MID) values (1000016,'FALSE',150,to_date('26-JAN-01','DD-MON-RR'),'1008');
Insert into SXT142430.COPY (ID,FLAG,PRICE,PURCHASE_DATE,MID) values (1000017,'FALSE',150,to_date('26-JAN-01','DD-MON-RR'),'1008');
Insert into SXT142430.COPY (ID,FLAG,PRICE,PURCHASE_DATE,MID) values (1000018,'FALSE',150,to_date('26-JAN-01','DD-MON-RR'),'1008');
Insert into SXT142430.COPY (ID,FLAG,PRICE,PURCHASE_DATE,MID) values (1000019,'FALSE',150,to_date('26-JAN-01','DD-MON-RR'),'1008');
Insert into SXT142430.COPY (ID,FLAG,PRICE,PURCHASE_DATE,MID) values (1000020,'FALSE',150,to_date('26-JAN-01','DD-MON-RR'),'1008');
Insert into SXT142430.COPY (ID,FLAG,PRICE,PURCHASE_DATE,MID) values (1000021,'FALSE',150,to_date('26-JAN-01','DD-MON-RR'),'1008');
Insert into SXT142430.COPY (ID,FLAG,PRICE,PURCHASE_DATE,MID) values (1000022,'FALSE',150,to_date('26-JAN-01','DD-MON-RR'),'1008');
REM INSERTING into SXT142430.FACULTY
SET DEFINE OFF;
Insert into SXT142430.FACULTY (ID,DESIGNATION) values ('2021228701','Senior Professor');
Insert into SXT142430.FACULTY (ID,DESIGNATION) values ('2021228702','Professor');
Insert into SXT142430.FACULTY (ID,DESIGNATION) values ('2021228703','Professor');
Insert into SXT142430.FACULTY (ID,DESIGNATION) values ('2021228704','Assistant Professor');
Insert into SXT142430.FACULTY (ID,DESIGNATION) values ('2021228705','Lecturer');
Insert into SXT142430.FACULTY (ID,DESIGNATION) values ('2021228706','Senior Lecturer');
Insert into SXT142430.FACULTY (ID,DESIGNATION) values ('2021228707','Professor');
Insert into SXT142430.FACULTY (ID,DESIGNATION) values ('2021228708','Professor');
Insert into SXT142430.FACULTY (ID,DESIGNATION) values ('2021228001','Professor');
Insert into SXT142430.FACULTY (ID,DESIGNATION) values ('2021228801','Professor');
Insert into SXT142430.FACULTY (ID,DESIGNATION) values ('2021228661','Senior Professor');
Insert into SXT142430.FACULTY (ID,DESIGNATION) values ('2021228600','Lecturer');
Insert into SXT142430.FACULTY (ID,DESIGNATION) values ('2021228609','Senior Professor');
REM INSERTING into SXT142430.FINE
SET DEFINE OFF;
Insert into SXT142430.FINE (REASON,CID,RID,CHECKOUT_TIME,AMOUNT,ISSUE_DATE,PAYMENT_DATE) values ('others',1000004,'2021228600',to_timestamp('23-FEB-15 03.19.02.000000000 PM','DD-MON-RR HH.MI.SSXFF AM'),50,to_date('01-JAN-15','DD-MON-RR'),null);
Insert into SXT142430.FINE (REASON,CID,RID,CHECKOUT_TIME,AMOUNT,ISSUE_DATE,PAYMENT_DATE) values ('others',1000006,'2021227661',to_timestamp('21-MAR-15 06.43.03.000000000 PM','DD-MON-RR HH.MI.SSXFF AM'),86,to_date('01-FEB-15','DD-MON-RR'),null);
Insert into SXT142430.FINE (REASON,CID,RID,CHECKOUT_TIME,AMOUNT,ISSUE_DATE,PAYMENT_DATE) values ('damaged copy',1000006,'2021227661',to_timestamp('21-MAR-15 06.43.03.000000000 PM','DD-MON-RR HH.MI.SSXFF AM'),86,to_date('01-FEB-15','DD-MON-RR'),null);
Insert into SXT142430.FINE (REASON,CID,RID,CHECKOUT_TIME,AMOUNT,ISSUE_DATE,PAYMENT_DATE) values ('lost copy',1000003,'2021228661',to_timestamp('11-FEB-15 02.10.50.000000000 PM','DD-MON-RR HH.MI.SSXFF AM'),10,to_date('02-APR-15','DD-MON-RR'),to_date('02-APR-15','DD-MON-RR'));
Insert into SXT142430.FINE (REASON,CID,RID,CHECKOUT_TIME,AMOUNT,ISSUE_DATE,PAYMENT_DATE) values ('lost copy',1000004,'2021228600',to_timestamp('23-FEB-15 03.19.02.000000000 PM','DD-MON-RR HH.MI.SSXFF AM'),10,to_date('01-JAN-15','DD-MON-RR'),to_date('02-APR-15','DD-MON-RR'));
Insert into SXT142430.FINE (REASON,CID,RID,CHECKOUT_TIME,AMOUNT,ISSUE_DATE,PAYMENT_DATE) values ('lost copy',1000005,'2021228609',to_timestamp('16-MAR-15 05.41.03.000000000 PM','DD-MON-RR HH.MI.SSXFF AM'),10,to_date('02-APR-15','DD-MON-RR'),to_date('02-APR-15','DD-MON-RR'));
REM INSERTING into SXT142430.ISSUES
SET DEFINE OFF;
Insert into SXT142430.ISSUES (ISSUE_NUMBER,VOLUME_NUMBER,ISSN,PUBLICATION_DATE,MID) values (6,1,'30000006',to_date('02-APR-95','DD-MON-RR'),'1011');
Insert into SXT142430.ISSUES (ISSUE_NUMBER,VOLUME_NUMBER,ISSN,PUBLICATION_DATE,MID) values (8,3,'30000008',to_date('03-JUN-05','DD-MON-RR'),'1013');
Insert into SXT142430.ISSUES (ISSUE_NUMBER,VOLUME_NUMBER,ISSN,PUBLICATION_DATE,MID) values (9,1,'30000009',to_date('12-SEP-92','DD-MON-RR'),'1014');
Insert into SXT142430.ISSUES (ISSUE_NUMBER,VOLUME_NUMBER,ISSN,PUBLICATION_DATE,MID) values (10,2,'30000010',to_date('20-MAR-07','DD-MON-RR'),'1015');
Insert into SXT142430.ISSUES (ISSUE_NUMBER,VOLUME_NUMBER,ISSN,PUBLICATION_DATE,MID) values (7,2,'30000007',to_date('03-APR-92','DD-MON-RR'),'1012');
Insert into SXT142430.ISSUES (ISSUE_NUMBER,VOLUME_NUMBER,ISSN,PUBLICATION_DATE,MID) values (1,1,'30000001',to_date('02-APR-10','DD-MON-RR'),'1001');
Insert into SXT142430.ISSUES (ISSUE_NUMBER,VOLUME_NUMBER,ISSN,PUBLICATION_DATE,MID) values (2,2,'30000002',to_date('03-APR-11','DD-MON-RR'),'1002');
Insert into SXT142430.ISSUES (ISSUE_NUMBER,VOLUME_NUMBER,ISSN,PUBLICATION_DATE,MID) values (3,1,'30000003',to_date('01-JAN-15','DD-MON-RR'),'1003');
Insert into SXT142430.ISSUES (ISSUE_NUMBER,VOLUME_NUMBER,ISSN,PUBLICATION_DATE,MID) values (4,2,'30000004',to_date('12-SEP-05','DD-MON-RR'),'1004');
Insert into SXT142430.ISSUES (ISSUE_NUMBER,VOLUME_NUMBER,ISSN,PUBLICATION_DATE,MID) values (5,2,'30000005',to_date('20-MAR-15','DD-MON-RR'),'1005');
REM INSERTING into SXT142430.MAGAZINE
SET DEFINE OFF;
Insert into SXT142430.MAGAZINE (ISSN,TITLE,NAME) values ('30000001','Readers Digest','Pearson');
Insert into SXT142430.MAGAZINE (ISSN,TITLE,NAME) values ('30000002','Nat Geo','Pearson');
Insert into SXT142430.MAGAZINE (ISSN,TITLE,NAME) values ('30000003','Discovery','Random House');
Insert into SXT142430.MAGAZINE (ISSN,TITLE,NAME) values ('30000004','Newyorker','McGraw');
Insert into SXT142430.MAGAZINE (ISSN,TITLE,NAME) values ('30000005','Time','McGraw');
Insert into SXT142430.MAGAZINE (ISSN,TITLE,NAME) values ('30000006','India Today','Weka');
Insert into SXT142430.MAGAZINE (ISSN,TITLE,NAME) values ('30000007','USA Tommorrow','Haufe');
Insert into SXT142430.MAGAZINE (ISSN,TITLE,NAME) values ('30000008','GoodLife','Gakken');
Insert into SXT142430.MAGAZINE (ISSN,TITLE,NAME) values ('30000009','Wheels','Shinchosha');
Insert into SXT142430.MAGAZINE (ISSN,TITLE,NAME) values ('30000010','Tires','Haufe');
REM INSERTING into SXT142430.MATERIAL
SET DEFINE OFF;
Insert into SXT142430.MATERIAL (MID,RATING) values ('1001',9);
Insert into SXT142430.MATERIAL (MID,RATING) values ('1002',8);
Insert into SXT142430.MATERIAL (MID,RATING) values ('1003',7);
Insert into SXT142430.MATERIAL (MID,RATING) values ('1004',8);
Insert into SXT142430.MATERIAL (MID,RATING) values ('1005',7);
Insert into SXT142430.MATERIAL (MID,RATING) values ('1011',9);
Insert into SXT142430.MATERIAL (MID,RATING) values ('1012',8);
Insert into SXT142430.MATERIAL (MID,RATING) values ('1013',7);
Insert into SXT142430.MATERIAL (MID,RATING) values ('1014',8);
Insert into SXT142430.MATERIAL (MID,RATING) values ('1015',9);
Insert into SXT142430.MATERIAL (MID,RATING) values ('1016',7);
Insert into SXT142430.MATERIAL (MID,RATING) values ('1017',8);
Insert into SXT142430.MATERIAL (MID,RATING) values ('1018',7);
Insert into SXT142430.MATERIAL (MID,RATING) values ('1019',6);
Insert into SXT142430.MATERIAL (MID,RATING) values ('1020',8);
Insert into SXT142430.MATERIAL (MID,RATING) values ('1006',9);
Insert into SXT142430.MATERIAL (MID,RATING) values ('1007',8);
Insert into SXT142430.MATERIAL (MID,RATING) values ('1008',7);
Insert into SXT142430.MATERIAL (MID,RATING) values ('1009',8);
Insert into SXT142430.MATERIAL (MID,RATING) values ('1010',7);
REM INSERTING into SXT142430.PUBLISHER
SET DEFINE OFF;
Insert into SXT142430.PUBLISHER (NAME,WEBSITE,ZIP,COUNTRY) values ('McGraw','www.mcgraw.com',75252,'USA');
Insert into SXT142430.PUBLISHER (NAME,WEBSITE,ZIP,COUNTRY) values ('Pearson','www.pearson.com',32143,'UK');
Insert into SXT142430.PUBLISHER (NAME,WEBSITE,ZIP,COUNTRY) values ('ThomsonReuters','www.tr.com',43432,'UK');
Insert into SXT142430.PUBLISHER (NAME,WEBSITE,ZIP,COUNTRY) values ('Random House','www.rh.com',56784,'Germany');
Insert into SXT142430.PUBLISHER (NAME,WEBSITE,ZIP,COUNTRY) values ('Holtzbrinck','www.holtzbrinck.com',45676,'USA');
Insert into SXT142430.PUBLISHER (NAME,WEBSITE,ZIP,COUNTRY) values ('Reed','www.reed.com',6464,'Neatherlands');
Insert into SXT142430.PUBLISHER (NAME,WEBSITE,ZIP,COUNTRY) values ('Scholastic','www.scholastic.com',90989,'USA');
Insert into SXT142430.PUBLISHER (NAME,WEBSITE,ZIP,COUNTRY) values ('Wiley','www.wiley.com',34543,'USA');
Insert into SXT142430.PUBLISHER (NAME,WEBSITE,ZIP,COUNTRY) values ('Harper','www.harper.com',22343,'USA');
Insert into SXT142430.PUBLISHER (NAME,WEBSITE,ZIP,COUNTRY) values ('Oxford','www.oxford.com',76456,'UK');
Insert into SXT142430.PUBLISHER (NAME,WEBSITE,ZIP,COUNTRY) values ('Informa','www.informa.com',23446,'UK');
Insert into SXT142430.PUBLISHER (NAME,WEBSITE,ZIP,COUNTRY) values ('Cambridge','www.cambridge.com',86786,'UK');
Insert into SXT142430.PUBLISHER (NAME,WEBSITE,ZIP,COUNTRY) values ('Shinchosha','www.shinchosha.com',23454,'UK');
Insert into SXT142430.PUBLISHER (NAME,WEBSITE,ZIP,COUNTRY) values ('Gakken','www.gakken.com',76577,'USA');
Insert into SXT142430.PUBLISHER (NAME,WEBSITE,ZIP,COUNTRY) values ('Haufe','www.haufe.com',23434,'USA');
Insert into SXT142430.PUBLISHER (NAME,WEBSITE,ZIP,COUNTRY) values ('Weka','www.weka.com',76575,'USA');
REM INSERTING into SXT142430.PUBLISHER_ADDRESS
SET DEFINE OFF;
Insert into SXT142430.PUBLISHER_ADDRESS (ZIP,COUNTRY,STREET,CITY,STATE) values (75252,'USA','7777 McCallum Blvd','Dallas','TX');
Insert into SXT142430.PUBLISHER_ADDRESS (ZIP,COUNTRY,STREET,CITY,STATE) values (32143,'UK','231 West Ave','London','LN');
Insert into SXT142430.PUBLISHER_ADDRESS (ZIP,COUNTRY,STREET,CITY,STATE) values (43432,'UK','432 South Ave','Cambridge','CB');
Insert into SXT142430.PUBLISHER_ADDRESS (ZIP,COUNTRY,STREET,CITY,STATE) values (56784,'Germany','4552 Pink Ave','Munich','MN');
Insert into SXT142430.PUBLISHER_ADDRESS (ZIP,COUNTRY,STREET,CITY,STATE) values (45676,'USA','6789 Random Ave','Los Angeles','CA');
Insert into SXT142430.PUBLISHER_ADDRESS (ZIP,COUNTRY,STREET,CITY,STATE) values (6464,'Neatherlands','231 East Ave','Amsterdam','AM');
Insert into SXT142430.PUBLISHER_ADDRESS (ZIP,COUNTRY,STREET,CITY,STATE) values (90989,'USA','454 South Blvd','Chicago','IL');
Insert into SXT142430.PUBLISHER_ADDRESS (ZIP,COUNTRY,STREET,CITY,STATE) values (34543,'USA','656 Ring Ave','NewYork','NY');
Insert into SXT142430.PUBLISHER_ADDRESS (ZIP,COUNTRY,STREET,CITY,STATE) values (22343,'USA','878 Richard Ave','Orlando','FL');
Insert into SXT142430.PUBLISHER_ADDRESS (ZIP,COUNTRY,STREET,CITY,STATE) values (76456,'UK','545 Pink Ave','Shandwick','SW');
Insert into SXT142430.PUBLISHER_ADDRESS (ZIP,COUNTRY,STREET,CITY,STATE) values (23446,'UK','5 Brown Ave','Blueberry','LN');
Insert into SXT142430.PUBLISHER_ADDRESS (ZIP,COUNTRY,STREET,CITY,STATE) values (86786,'UK','767 Black Ave','London','LN');
Insert into SXT142430.PUBLISHER_ADDRESS (ZIP,COUNTRY,STREET,CITY,STATE) values (23454,'UK','455 White Ave','Glasgow','GW');
Insert into SXT142430.PUBLISHER_ADDRESS (ZIP,COUNTRY,STREET,CITY,STATE) values (76577,'USA','455 Campbell Ave','Phoenix','PO');
Insert into SXT142430.PUBLISHER_ADDRESS (ZIP,COUNTRY,STREET,CITY,STATE) values (23434,'USA','299 Coit Blvd','Salt Lake City','UT');
Insert into SXT142430.PUBLISHER_ADDRESS (ZIP,COUNTRY,STREET,CITY,STATE) values (76575,'USA','6 Bink Ave','Gubba','GW');
REM INSERTING into SXT142430.READER
SET DEFINE OFF;
Insert into SXT142430.READER (ID,NAME) values ('2021227701','Aasha');
Insert into SXT142430.READER (ID,NAME) values ('2021227702','Aarthi');
Insert into SXT142430.READER (ID,NAME) values ('2021227703','Drishya');
Insert into SXT142430.READER (ID,NAME) values ('2021227704','Mike');
Insert into SXT142430.READER (ID,NAME) values ('2021227705','Andy');
Insert into SXT142430.READER (ID,NAME) values ('2021227706','Munns');
Insert into SXT142430.READER (ID,NAME) values ('2021227707','Drishti');
Insert into SXT142430.READER (ID,NAME) values ('2021227708','Vishal');
Insert into SXT142430.READER (ID,NAME) values ('2021228701','Saloni');
Insert into SXT142430.READER (ID,NAME) values ('2021228702','Jinisha');
Insert into SXT142430.READER (ID,NAME) values ('2021228703','Balu');
Insert into SXT142430.READER (ID,NAME) values ('2021228704','Chandu');
Insert into SXT142430.READER (ID,NAME) values ('2021228705','Sumanth');
Insert into SXT142430.READER (ID,NAME) values ('2021228706','Shoaib');
Insert into SXT142430.READER (ID,NAME) values ('2021228707','Mallya');
Insert into SXT142430.READER (ID,NAME) values ('2021228708','Rahul');
Insert into SXT142430.READER (ID,NAME) values ('2021227001','Aditya');
Insert into SXT142430.READER (ID,NAME) values ('2021227801','Saurav');
Insert into SXT142430.READER (ID,NAME) values ('2021227661','Raghav');
Insert into SXT142430.READER (ID,NAME) values ('2021227600','Anish');
Insert into SXT142430.READER (ID,NAME) values ('2021229600','Sajid');
Insert into SXT142430.READER (ID,NAME) values ('2021228001','Ding Du');
Insert into SXT142430.READER (ID,NAME) values ('2021228801','Wei Wu');
Insert into SXT142430.READER (ID,NAME) values ('2021228661','Xuming');
Insert into SXT142430.READER (ID,NAME) values ('2021228600','X Man');
Insert into SXT142430.READER (ID,NAME) values ('2021228609','Pingu');
REM INSERTING into SXT142430.RESERVE
SET DEFINE OFF;
Insert into SXT142430.RESERVE (MID,ID,EXPIRATION_DATE,RESERVATION_DATE,CLOSING_DATE) values ('1016','2021228701',to_date('16-OCT-15','DD-MON-RR'),to_date('10-MAR-15','DD-MON-RR'),to_date('25-APR-15','DD-MON-RR'));
Insert into SXT142430.RESERVE (MID,ID,EXPIRATION_DATE,RESERVATION_DATE,CLOSING_DATE) values ('1017','2021228702',to_date('17-OCT-15','DD-MON-RR'),to_date('11-MAR-15','DD-MON-RR'),null);
Insert into SXT142430.RESERVE (MID,ID,EXPIRATION_DATE,RESERVATION_DATE,CLOSING_DATE) values ('1017','2021228703',to_date('12-OCT-15','DD-MON-RR'),to_date('12-MAR-15','DD-MON-RR'),null);
Insert into SXT142430.RESERVE (MID,ID,EXPIRATION_DATE,RESERVATION_DATE,CLOSING_DATE) values ('1001','2021228704',to_date('13-OCT-15','DD-MON-RR'),to_date('13-MAR-15','DD-MON-RR'),null);
Insert into SXT142430.RESERVE (MID,ID,EXPIRATION_DATE,RESERVATION_DATE,CLOSING_DATE) values ('1002','2021228705',to_date('14-OCT-15','DD-MON-RR'),to_date('14-MAR-15','DD-MON-RR'),null);
Insert into SXT142430.RESERVE (MID,ID,EXPIRATION_DATE,RESERVATION_DATE,CLOSING_DATE) values ('1003','2021228706',to_date('15-OCT-15','DD-MON-RR'),to_date('20-APR-15','DD-MON-RR'),null);
Insert into SXT142430.RESERVE (MID,ID,EXPIRATION_DATE,RESERVATION_DATE,CLOSING_DATE) values ('1004','2021228707',to_date('16-OCT-15','DD-MON-RR'),to_date('21-APR-15','DD-MON-RR'),null);
Insert into SXT142430.RESERVE (MID,ID,EXPIRATION_DATE,RESERVATION_DATE,CLOSING_DATE) values ('1005','2021228708',to_date('16-OCT-15','DD-MON-RR'),to_date('22-APR-15','DD-MON-RR'),null);
Insert into SXT142430.RESERVE (MID,ID,EXPIRATION_DATE,RESERVATION_DATE,CLOSING_DATE) values ('1004','2021228600',to_date('01-NOV-15','DD-MON-RR'),to_date('20-MAR-15','DD-MON-RR'),to_date('19-APR-15','DD-MON-RR'));
Insert into SXT142430.RESERVE (MID,ID,EXPIRATION_DATE,RESERVATION_DATE,CLOSING_DATE) values ('1005','2021228609',to_date('16-OCT-15','DD-MON-RR'),to_date('26-JAN-15','DD-MON-RR'),to_date('25-APR-15','DD-MON-RR'));
Insert into SXT142430.RESERVE (MID,ID,EXPIRATION_DATE,RESERVATION_DATE,CLOSING_DATE) values ('1001','2021228001',to_date('20-JUN-15','DD-MON-RR'),to_date('20-JAN-15','DD-MON-RR'),null);
Insert into SXT142430.RESERVE (MID,ID,EXPIRATION_DATE,RESERVATION_DATE,CLOSING_DATE) values ('1002','2021228801',to_date('05-JUL-15','DD-MON-RR'),to_date('20-FEB-15','DD-MON-RR'),null);
Insert into SXT142430.RESERVE (MID,ID,EXPIRATION_DATE,RESERVATION_DATE,CLOSING_DATE) values ('1003','2021228661',to_date('12-SEP-15','DD-MON-RR'),to_date('02-FEB-15','DD-MON-RR'),null);
REM INSERTING into SXT142430.STUDENT
SET DEFINE OFF;
Insert into SXT142430.STUDENT (ID,MAJOR) values ('2021227701','EC');
Insert into SXT142430.STUDENT (ID,MAJOR) values ('2021227702','CE');
Insert into SXT142430.STUDENT (ID,MAJOR) values ('2021227703','ML');
Insert into SXT142430.STUDENT (ID,MAJOR) values ('2021227704','EE');
Insert into SXT142430.STUDENT (ID,MAJOR) values ('2021227705','TE');
Insert into SXT142430.STUDENT (ID,MAJOR) values ('2021227706','CS');
Insert into SXT142430.STUDENT (ID,MAJOR) values ('2021227707','CS');
Insert into SXT142430.STUDENT (ID,MAJOR) values ('2021227708','CV');
Insert into SXT142430.STUDENT (ID,MAJOR) values ('2021227001','CS');
Insert into SXT142430.STUDENT (ID,MAJOR) values ('2021227801','CS');
Insert into SXT142430.STUDENT (ID,MAJOR) values ('2021227661','CE');
Insert into SXT142430.STUDENT (ID,MAJOR) values ('2021227600','CE');
Insert into SXT142430.STUDENT (ID,MAJOR) values ('2021229600','EE');
--------------------------------------------------------
--  Constraints for Table PUBLISHER_ADDRESS
--------------------------------------------------------

  ALTER TABLE "SXT142430"."PUBLISHER_ADDRESS" ADD PRIMARY KEY ("ZIP", "COUNTRY")
  USING INDEX PCTFREE 10 INITRANS 2 MAXTRANS 255 COMPUTE STATISTICS 
  STORAGE(INITIAL 65536 NEXT 1048576 MINEXTENTS 1 MAXEXTENTS 2147483645
  PCTINCREASE 0 FREELISTS 1 FREELIST GROUPS 1
  BUFFER_POOL DEFAULT FLASH_CACHE DEFAULT CELL_FLASH_CACHE DEFAULT)
  TABLESPACE "USERS"  ENABLE;
--------------------------------------------------------
--  Constraints for Table BOOKS
--------------------------------------------------------

  ALTER TABLE "SXT142430"."BOOKS" ADD CHECK (LENGTH("ISBN")=13) ENABLE;
  ALTER TABLE "SXT142430"."BOOKS" ADD CHECK ("YEAR_OF_PUBLICATION" > 1990) ENABLE;
  ALTER TABLE "SXT142430"."BOOKS" ADD PRIMARY KEY ("ISBN")
  USING INDEX PCTFREE 10 INITRANS 2 MAXTRANS 255 COMPUTE STATISTICS 
  STORAGE(INITIAL 65536 NEXT 1048576 MINEXTENTS 1 MAXEXTENTS 2147483645
  PCTINCREASE 0 FREELISTS 1 FREELIST GROUPS 1
  BUFFER_POOL DEFAULT FLASH_CACHE DEFAULT CELL_FLASH_CACHE DEFAULT)
  TABLESPACE "USERS"  ENABLE;
--------------------------------------------------------
--  Constraints for Table COPY
--------------------------------------------------------

  ALTER TABLE "SXT142430"."COPY" ADD CHECK ("ID" BETWEEN 1000000 and 9999999) ENABLE;
  ALTER TABLE "SXT142430"."COPY" ADD PRIMARY KEY ("ID")
  USING INDEX PCTFREE 10 INITRANS 2 MAXTRANS 255 COMPUTE STATISTICS 
  STORAGE(INITIAL 65536 NEXT 1048576 MINEXTENTS 1 MAXEXTENTS 2147483645
  PCTINCREASE 0 FREELISTS 1 FREELIST GROUPS 1
  BUFFER_POOL DEFAULT FLASH_CACHE DEFAULT CELL_FLASH_CACHE DEFAULT)
  TABLESPACE "USERS"  ENABLE;
--------------------------------------------------------
--  Constraints for Table MATERIAL
--------------------------------------------------------

  ALTER TABLE "SXT142430"."MATERIAL" ADD PRIMARY KEY ("MID")
  USING INDEX PCTFREE 10 INITRANS 2 MAXTRANS 255 COMPUTE STATISTICS 
  STORAGE(INITIAL 65536 NEXT 1048576 MINEXTENTS 1 MAXEXTENTS 2147483645
  PCTINCREASE 0 FREELISTS 1 FREELIST GROUPS 1
  BUFFER_POOL DEFAULT FLASH_CACHE DEFAULT CELL_FLASH_CACHE DEFAULT)
  TABLESPACE "USERS"  ENABLE;
--------------------------------------------------------
--  Constraints for Table PUBLISHER
--------------------------------------------------------

  ALTER TABLE "SXT142430"."PUBLISHER" ADD PRIMARY KEY ("NAME")
  USING INDEX PCTFREE 10 INITRANS 2 MAXTRANS 255 COMPUTE STATISTICS 
  STORAGE(INITIAL 65536 NEXT 1048576 MINEXTENTS 1 MAXEXTENTS 2147483645
  PCTINCREASE 0 FREELISTS 1 FREELIST GROUPS 1
  BUFFER_POOL DEFAULT FLASH_CACHE DEFAULT CELL_FLASH_CACHE DEFAULT)
  TABLESPACE "USERS"  ENABLE;
--------------------------------------------------------
--  Constraints for Table STUDENT
--------------------------------------------------------

  ALTER TABLE "SXT142430"."STUDENT" ADD PRIMARY KEY ("ID")
  USING INDEX PCTFREE 10 INITRANS 2 MAXTRANS 255 COMPUTE STATISTICS 
  STORAGE(INITIAL 65536 NEXT 1048576 MINEXTENTS 1 MAXEXTENTS 2147483645
  PCTINCREASE 0 FREELISTS 1 FREELIST GROUPS 1
  BUFFER_POOL DEFAULT FLASH_CACHE DEFAULT CELL_FLASH_CACHE DEFAULT)
  TABLESPACE "USERS"  ENABLE;
--------------------------------------------------------
--  Constraints for Table ISSUES
--------------------------------------------------------

  ALTER TABLE "SXT142430"."ISSUES" ADD CHECK ("PUBLICATION_DATE" > '01-JAN-1990') ENABLE;
  ALTER TABLE "SXT142430"."ISSUES" ADD CHECK ("ISSUE_NUMBER" > 0) ENABLE;
  ALTER TABLE "SXT142430"."ISSUES" ADD CHECK ("VOLUME_NUMBER" > 0) ENABLE;
  ALTER TABLE "SXT142430"."ISSUES" ADD PRIMARY KEY ("ISSUE_NUMBER", "VOLUME_NUMBER", "ISSN")
  USING INDEX PCTFREE 10 INITRANS 2 MAXTRANS 255 COMPUTE STATISTICS 
  STORAGE(INITIAL 65536 NEXT 1048576 MINEXTENTS 1 MAXEXTENTS 2147483645
  PCTINCREASE 0 FREELISTS 1 FREELIST GROUPS 1
  BUFFER_POOL DEFAULT FLASH_CACHE DEFAULT CELL_FLASH_CACHE DEFAULT)
  TABLESPACE "USERS"  ENABLE;
--------------------------------------------------------
--  Constraints for Table FINE
--------------------------------------------------------

  ALTER TABLE "SXT142430"."FINE" ADD CHECK ("REASON" IN ('lost copy','damaged copy','late return','others')) ENABLE;
  ALTER TABLE "SXT142430"."FINE" ADD PRIMARY KEY ("REASON", "CID", "RID", "CHECKOUT_TIME")
  USING INDEX PCTFREE 10 INITRANS 2 MAXTRANS 255 COMPUTE STATISTICS 
  STORAGE(INITIAL 65536 NEXT 1048576 MINEXTENTS 1 MAXEXTENTS 2147483645
  PCTINCREASE 0 FREELISTS 1 FREELIST GROUPS 1
  BUFFER_POOL DEFAULT FLASH_CACHE DEFAULT CELL_FLASH_CACHE DEFAULT)
  TABLESPACE "USERS"  ENABLE;
--------------------------------------------------------
--  Constraints for Table MAGAZINE
--------------------------------------------------------

  ALTER TABLE "SXT142430"."MAGAZINE" MODIFY ("TITLE" NOT NULL ENABLE);
  ALTER TABLE "SXT142430"."MAGAZINE" ADD CHECK (LENGTH("ISSN")=8) ENABLE;
  ALTER TABLE "SXT142430"."MAGAZINE" ADD PRIMARY KEY ("ISSN")
  USING INDEX PCTFREE 10 INITRANS 2 MAXTRANS 255 COMPUTE STATISTICS 
  STORAGE(INITIAL 65536 NEXT 1048576 MINEXTENTS 1 MAXEXTENTS 2147483645
  PCTINCREASE 0 FREELISTS 1 FREELIST GROUPS 1
  BUFFER_POOL DEFAULT FLASH_CACHE DEFAULT CELL_FLASH_CACHE DEFAULT)
  TABLESPACE "USERS"  ENABLE;
--------------------------------------------------------
--  Constraints for Table CHECKOUT_RECORD
--------------------------------------------------------

  ALTER TABLE "SXT142430"."CHECKOUT_RECORD" MODIFY ("DUE_DATE" NOT NULL ENABLE);
  ALTER TABLE "SXT142430"."CHECKOUT_RECORD" ADD PRIMARY KEY ("CID", "RID", "CHECKOUT_TIME")
  USING INDEX PCTFREE 10 INITRANS 2 MAXTRANS 255 COMPUTE STATISTICS 
  STORAGE(INITIAL 65536 NEXT 1048576 MINEXTENTS 1 MAXEXTENTS 2147483645
  PCTINCREASE 0 FREELISTS 1 FREELIST GROUPS 1
  BUFFER_POOL DEFAULT FLASH_CACHE DEFAULT CELL_FLASH_CACHE DEFAULT)
  TABLESPACE "USERS"  ENABLE;
--------------------------------------------------------
--  Constraints for Table FACULTY
--------------------------------------------------------

  ALTER TABLE "SXT142430"."FACULTY" ADD PRIMARY KEY ("ID")
  USING INDEX PCTFREE 10 INITRANS 2 MAXTRANS 255 COMPUTE STATISTICS 
  STORAGE(INITIAL 65536 NEXT 1048576 MINEXTENTS 1 MAXEXTENTS 2147483645
  PCTINCREASE 0 FREELISTS 1 FREELIST GROUPS 1
  BUFFER_POOL DEFAULT FLASH_CACHE DEFAULT CELL_FLASH_CACHE DEFAULT)
  TABLESPACE "USERS"  ENABLE;
--------------------------------------------------------
--  Constraints for Table RESERVE
--------------------------------------------------------

  ALTER TABLE "SXT142430"."RESERVE" MODIFY ("EXPIRATION_DATE" NOT NULL ENABLE);
  ALTER TABLE "SXT142430"."RESERVE" MODIFY ("RESERVATION_DATE" NOT NULL ENABLE);
  ALTER TABLE "SXT142430"."RESERVE" ADD PRIMARY KEY ("MID", "ID")
  USING INDEX PCTFREE 10 INITRANS 2 MAXTRANS 255 COMPUTE STATISTICS 
  STORAGE(INITIAL 65536 NEXT 1048576 MINEXTENTS 1 MAXEXTENTS 2147483645
  PCTINCREASE 0 FREELISTS 1 FREELIST GROUPS 1
  BUFFER_POOL DEFAULT FLASH_CACHE DEFAULT CELL_FLASH_CACHE DEFAULT)
  TABLESPACE "USERS"  ENABLE;
--------------------------------------------------------
--  Constraints for Table READER
--------------------------------------------------------

  ALTER TABLE "SXT142430"."READER" MODIFY ("NAME" NOT NULL ENABLE);
  ALTER TABLE "SXT142430"."READER" ADD PRIMARY KEY ("ID")
  USING INDEX PCTFREE 10 INITRANS 2 MAXTRANS 255 COMPUTE STATISTICS 
  STORAGE(INITIAL 65536 NEXT 1048576 MINEXTENTS 1 MAXEXTENTS 2147483645
  PCTINCREASE 0 FREELISTS 1 FREELIST GROUPS 1
  BUFFER_POOL DEFAULT FLASH_CACHE DEFAULT CELL_FLASH_CACHE DEFAULT)
  TABLESPACE "USERS"  ENABLE;
--------------------------------------------------------
--  Constraints for Table BOOKS_AUTHOR
--------------------------------------------------------

  ALTER TABLE "SXT142430"."BOOKS_AUTHOR" ADD PRIMARY KEY ("ISBN", "AUTHOR")
  USING INDEX PCTFREE 10 INITRANS 2 MAXTRANS 255 COMPUTE STATISTICS 
  STORAGE(INITIAL 65536 NEXT 1048576 MINEXTENTS 1 MAXEXTENTS 2147483645
  PCTINCREASE 0 FREELISTS 1 FREELIST GROUPS 1
  BUFFER_POOL DEFAULT FLASH_CACHE DEFAULT CELL_FLASH_CACHE DEFAULT)
  TABLESPACE "USERS"  ENABLE;
--------------------------------------------------------
--  Ref Constraints for Table BOOKS
--------------------------------------------------------

  ALTER TABLE "SXT142430"."BOOKS" ADD FOREIGN KEY ("NAME")
	  REFERENCES "SXT142430"."PUBLISHER" ("NAME") ON DELETE CASCADE ENABLE;
  ALTER TABLE "SXT142430"."BOOKS" ADD FOREIGN KEY ("MID")
	  REFERENCES "SXT142430"."MATERIAL" ("MID") ON DELETE CASCADE ENABLE;
--------------------------------------------------------
--  Ref Constraints for Table BOOKS_AUTHOR
--------------------------------------------------------

  ALTER TABLE "SXT142430"."BOOKS_AUTHOR" ADD FOREIGN KEY ("ISBN")
	  REFERENCES "SXT142430"."BOOKS" ("ISBN") ON DELETE CASCADE ENABLE;
--------------------------------------------------------
--  Ref Constraints for Table CHECKOUT_RECORD
--------------------------------------------------------

  ALTER TABLE "SXT142430"."CHECKOUT_RECORD" ADD FOREIGN KEY ("CID")
	  REFERENCES "SXT142430"."COPY" ("ID") ON DELETE CASCADE ENABLE;
  ALTER TABLE "SXT142430"."CHECKOUT_RECORD" ADD FOREIGN KEY ("RID")
	  REFERENCES "SXT142430"."READER" ("ID") ON DELETE CASCADE ENABLE;
--------------------------------------------------------
--  Ref Constraints for Table COPY
--------------------------------------------------------

  ALTER TABLE "SXT142430"."COPY" ADD FOREIGN KEY ("MID")
	  REFERENCES "SXT142430"."MATERIAL" ("MID") ON DELETE CASCADE ENABLE;
--------------------------------------------------------
--  Ref Constraints for Table FACULTY
--------------------------------------------------------

  ALTER TABLE "SXT142430"."FACULTY" ADD FOREIGN KEY ("ID")
	  REFERENCES "SXT142430"."READER" ("ID") ON DELETE CASCADE ENABLE;
--------------------------------------------------------
--  Ref Constraints for Table FINE
--------------------------------------------------------

  ALTER TABLE "SXT142430"."FINE" ADD FOREIGN KEY ("CID", "RID", "CHECKOUT_TIME")
	  REFERENCES "SXT142430"."CHECKOUT_RECORD" ("CID", "RID", "CHECKOUT_TIME") ENABLE;
--------------------------------------------------------
--  Ref Constraints for Table ISSUES
--------------------------------------------------------

  ALTER TABLE "SXT142430"."ISSUES" ADD FOREIGN KEY ("MID")
	  REFERENCES "SXT142430"."MATERIAL" ("MID") ON DELETE CASCADE ENABLE;
  ALTER TABLE "SXT142430"."ISSUES" ADD FOREIGN KEY ("ISSN")
	  REFERENCES "SXT142430"."MAGAZINE" ("ISSN") ON DELETE CASCADE ENABLE;
--------------------------------------------------------
--  Ref Constraints for Table MAGAZINE
--------------------------------------------------------

  ALTER TABLE "SXT142430"."MAGAZINE" ADD FOREIGN KEY ("NAME")
	  REFERENCES "SXT142430"."PUBLISHER" ("NAME") ON DELETE CASCADE ENABLE;
--------------------------------------------------------
--  Ref Constraints for Table PUBLISHER
--------------------------------------------------------

  ALTER TABLE "SXT142430"."PUBLISHER" ADD FOREIGN KEY ("ZIP", "COUNTRY")
	  REFERENCES "SXT142430"."PUBLISHER_ADDRESS" ("ZIP", "COUNTRY") ON DELETE CASCADE ENABLE;
--------------------------------------------------------
--  Ref Constraints for Table RESERVE
--------------------------------------------------------

  ALTER TABLE "SXT142430"."RESERVE" ADD FOREIGN KEY ("MID")
	  REFERENCES "SXT142430"."MATERIAL" ("MID") ON DELETE CASCADE ENABLE;
  ALTER TABLE "SXT142430"."RESERVE" ADD FOREIGN KEY ("ID")
	  REFERENCES "SXT142430"."FACULTY" ("ID") ON DELETE CASCADE ENABLE;
--------------------------------------------------------
--  Ref Constraints for Table STUDENT
--------------------------------------------------------

  ALTER TABLE "SXT142430"."STUDENT" ADD FOREIGN KEY ("ID")
	  REFERENCES "SXT142430"."READER" ("ID") ON DELETE CASCADE ENABLE;
